id,score
0,9
1,8
2,8
3,9
4,8
5,8
6,8
7,9
8,8
9,9
10,9
11,8
12,8
13,8
14,9
15,8
16,9
17,8
18,8
19,9
20,8
21,9
22,8
23,8
24,8
25,9
26,9
27,9
28,8
29,8
30,8
31,9
32,8
33,8
34,8
35,9
36,9
37,8
38,8
39,8
40,9
41,9
42,8
43,8
44,9
45,8
46,9
47,8
48,9
49,8
50,8
51,9
52,9
53,8
54,8
55,9
56,8
57,9
58,8
59,9
60,8
61,8
62,8
63,9
64,9
65,9
66,8
67,9
68,8
69,8
70,9
71,8
72,8
73,9
74,8
75,9
76,9
77,9
78,9
79,9
80,9
81,9
82,8
83,9
84,7
85,9
86,8
87,9
88,8
89,8
90,8
91,9
92,8
93,8
94,9
95,8
96,8
97,8
98,8
99,9
100,9
101,9
102,9
103,9
104,9
105,8
106,9
107,8
108,9
109,8
110,8
111,8
112,9
113,8
114,9
115,9
116,9
117,9
118,9
119,9
120,9
121,8
122,8
123,8
124,9
125,8
126,8
127,8
128,9
129,8
130,8
131,8
132,8
133,9
134,9
135,8
136,8
137,8
138,8
139,8
140,9
141,8
142,9
143,8
144,8
145,8
146,8
147,8
148,8
149,8
150,9
151,8
152,8
153,9
154,9
155,8
156,9
157,9
158,9
159,9
160,9
161,8
162,8
163,9
164,8
165,9
166,9
167,9
168,9
169,9
170,8
171,9
172,9
173,8
174,8
175,9
176,9
177,8
178,8
179,8
180,8
181,8
182,9
183,8
184,8
185,8
186,9
187,8
188,8
189,8
190,8
191,9
192,8
193,8
194,8
195,8
196,9
197,8
198,8
199,9
200,9
201,8
202,8
203,8
204,8
205,8
206,8
207,9
208,9
209,9
210,8
211,9
212,9
213,8
214,8
215,9
216,8
217,9
218,8
219,8
220,8
221,8
222,8
223,8
224,9
225,8
226,8
227,8
228,8
229,8
230,8
231,8
232,8
233,9
234,8
235,9
236,8
237,9
238,8
239,9
240,8
241,9
242,8
243,8
244,8
245,9
246,8
247,9
248,9
249,9
250,8
251,8
252,9
253,9
254,8
255,8
256,9
257,9
258,8
259,8
260,8
261,8
262,8
263,8
264,8
265,8
266,8
267,8
268,8
269,8
270,8
271,9
272,8
273,9
274,9
275,8
276,9
277,9
278,8
279,8
280,8
281,8
282,9
283,8
284,8
285,8
286,8
287,8
288,8
289,8
290,8
291,8
292,9
293,8
294,8
295,9
296,8
297,8
298,8
299,9
300,9
301,9
302,9
303,8
304,9
305,9
306,8
307,8
308,8
309,8
310,9
311,8
312,8
313,8
314,8
315,8
316,8
317,8
318,9
319,8
320,8
321,9
322,8
323,8
324,9
325,9
326,8
327,8
328,8
329,9
330,9
331,9
332,8
333,8
334,8
335,9
336,9
337,9
338,9
339,8
340,8
341,8
342,8
343,9
344,9
345,8
346,8
347,8
348,9
349,9
350,8
351,8
352,8
353,9
354,9
355,9
356,8
357,8
358,9
359,9
360,8
361,8
362,8
363,8
364,8
365,9
366,8
367,9
368,8
369,9
370,8
371,9
372,9
373,8
374,9
375,8
376,9
377,8
378,9
379,9
380,8
381,8
382,8
383,9
384,8
385,9
386,9
387,8
388,9
389,8
390,9
391,8
392,8
393,8
394,8
395,8
396,8
397,8
398,9
399,8
400,8
401,8
402,8
403,8
404,7
405,8
406,9
407,9
408,8
409,8
410,8
411,9
412,9
413,8
414,8
415,9
416,9
417,8
418,8
419,9
420,7
421,8
422,8
423,8
424,8
425,9
426,8
427,9
428,9
429,8
430,8
431,9
432,8
433,8
434,8
435,8
436,9
437,9
438,8
439,8
440,8
441,9
442,9
443,9
444,8
445,8
446,8
447,8
448,9
449,8
450,9
451,8
452,9
453,8
454,8
455,8
456,8
457,8
458,8
459,8
460,8
461,8
462,8
463,8
464,8
465,9
466,8
467,8
468,9
469,9
470,9
471,9
472,8
473,8
474,8
475,8
476,8
477,8
478,9
479,8
480,8
481,8
482,8
483,9
484,9
485,8
486,8
487,8
488,9
489,8
490,8
491,8
492,8
493,9
494,9
495,9
496,8
497,8
498,8
499,9
500,8
501,9
502,8
503,8
504,8
505,8
506,8
507,9
508,9
509,8
510,8
511,8
512,8
513,8
514,9
515,8
516,8
517,8
518,8
519,8
520,9
521,9
522,8
523,9
524,8
525,8
526,9
527,8
528,9
529,9
530,9
531,9
532,9
533,8
534,8
535,9
536,8
537,8
538,8
539,9
540,8
541,8
542,8
543,8
544,8
545,8
546,8
547,9
548,8
549,9
550,8
551,8
552,9
553,8
554,8
555,8
556,9
557,8
558,8
559,8
560,9
561,8
562,9
563,9
564,8
565,8
566,9
567,8
568,8
569,9
570,8
571,8
572,9
573,9
574,8
575,9
576,9
577,8
578,8
579,8
580,9
581,8
582,8
583,8
584,9
585,9
586,8
587,7
588,8
589,8
590,8
591,9
592,9
593,8
594,8
595,9
596,8
597,8
598,9
599,8
600,9
601,8
602,8
603,9
604,8
605,8
606,8
607,8
608,8
609,9
610,8
611,8
612,8
613,8
614,8
615,8
616,9
617,8
618,8
619,8
620,8
621,8
622,8
623,9
624,8
625,8
626,8
627,8
628,9
629,9
630,8
631,8
632,8
633,8
634,9
635,9
636,8
637,9
638,9
639,8
640,8
641,9
642,8
643,8
644,8
645,9
646,9
647,9
648,8
649,8
650,8
651,9
652,9
653,9
654,9
655,9
656,8
657,8
658,9
659,9
660,8
661,9
662,8
663,9
664,9
665,8
666,9
667,9
668,8
669,8
670,9
671,8
672,9
673,9
674,8
675,8
676,8
677,8
678,8
679,8
680,8
681,8
682,9
683,8
684,8
685,8
686,8
687,9
688,8
689,9
690,9
691,8
692,8
693,8
694,9
695,8
696,8
697,8
698,8
699,9
700,8
701,8
702,8
703,8
704,8
705,8
706,9
707,8
708,8
709,9
710,8
711,8
712,9
713,9
714,8
715,8
716,8
717,8
718,8
719,9
720,9
721,9
722,8
723,8
724,8
725,9
726,8
727,9
728,9
729,9
730,8
731,9
732,8
733,9
734,9
735,8
736,8
737,8
738,8
739,9
740,8
741,8
742,9
743,8
744,8
745,8
746,9
747,8
748,9
749,9
750,8
751,8
752,9
753,9
754,9
755,8
756,8
757,8
758,9
759,8
760,8
761,9
762,8
763,9
764,8
765,8
766,8
767,8
768,8
769,8
770,8
771,8
772,8
773,9
774,8
775,8
776,8
777,8
778,9
779,9
780,9
781,9
782,9
783,8
784,9
785,8
786,8
787,9
788,9
789,8
790,8
791,8
792,8
793,9
794,8
795,8
796,8
797,8
798,9
799,9
800,9
801,9
802,9
803,9
804,8
805,8
806,8
807,8
808,8
809,9
810,8
811,8
812,8
813,9
814,8
815,8
816,9
817,8
818,9
819,8
820,9
821,9
822,8
823,8
824,8
825,8
826,8
827,9
828,8
829,9
830,8
831,9
832,9
833,8
834,8
835,9
836,8
837,8
838,8
839,8
840,8
841,8
842,8
843,8
844,8
845,9
846,8
847,8
848,8
849,9
850,8
851,9
852,9
853,8
854,8
855,8
856,8
857,8
858,8
859,9
860,9
861,8
862,9
863,8
864,8
865,8
866,9
867,9
868,8
869,8
870,8
871,9
872,9
873,8
874,8
875,8
876,8
877,8
878,8
879,9
880,9
881,8
882,9
883,8
884,8
885,9
886,8
887,7
888,8
889,9
890,8
891,8
892,8
893,8
894,9
895,9
896,8
897,8
898,9
899,8
900,9
901,9
902,9
903,8
904,8
905,9
906,8
907,8
908,8
909,8
910,8
911,8
912,8
913,8
914,8
915,8
916,8
917,9
918,9
919,9
920,8
921,9
922,8
923,9
924,8
925,9
926,9
927,9
928,9
929,8
930,9
931,9
932,9
933,8
934,7
935,8
936,8
937,9
938,9
939,8
940,8
941,8
942,9
943,9
944,8
945,8
946,9
947,9
948,8
949,8
950,8
951,8
952,8
953,9
954,9
955,8
956,9
957,9
958,9
959,8
960,8
961,8
962,8
963,8
964,9
965,8
966,9
967,9
968,8
969,8
970,9
971,8
972,8
973,8
974,8
975,8
976,9
977,8
978,9
979,8
980,8
981,8
982,8
983,9
984,8
985,8
986,8
987,8
988,9
989,8
990,9
991,8
992,9
993,8
994,9
995,9
996,9
997,8
998,8
999,8
1000,8
1001,8
1002,8
1003,9
1004,9
1005,8
1006,9
1007,8
1008,9
1009,8
1010,8
1011,9
1012,8
1013,8
1014,9
1015,8
1016,8
1017,8
1018,8
1019,8
1020,9
1021,8
1022,9
1023,9
1024,8
1025,9
1026,8
1027,8
1028,8
1029,8
1030,9
1031,9
1032,8
1033,9
1034,9
1035,8
1036,8
1037,8
1038,9
1039,9
1040,9
1041,8
1042,8
1043,8
1044,8
1045,8
1046,9
1047,8
1048,8
1049,8
1050,8
1051,8
1052,9
1053,8
1054,8
1055,9
1056,9
1057,9
1058,9
1059,9
1060,9
1061,9
1062,9
1063,8
1064,8
1065,8
1066,8
1067,9
1068,9
1069,8
1070,8
1071,9
1072,8
1073,9
1074,8
1075,8
1076,9
1077,8
1078,9
1079,8
1080,9
1081,8
1082,8
1083,8
1084,9
1085,8
1086,9
1087,9
1088,9
1089,8
1090,8
1091,9
1092,8
1093,8
1094,9
1095,9
1096,8
1097,9
1098,8
1099,9
1100,8
1101,9
1102,8
1103,9
1104,8
1105,8
1106,8
1107,8
1108,8
1109,9
1110,9
1111,9
1112,8
1113,8
1114,9
1115,9
1116,8
1117,9
1118,8
1119,8
1120,8
1121,9
1122,8
1123,9
1124,9
1125,8
1126,8
1127,8
1128,9
1129,8
1130,8
1131,9
1132,8
1133,9
1134,9
1135,9
1136,8
1137,8
1138,8
1139,9
1140,8
1141,9
1142,8
1143,8
1144,8
1145,8
1146,8
1147,8
1148,8
1149,8
1150,8
1151,9
1152,8
1153,8
1154,8
1155,8
1156,9
1157,8
1158,8
1159,8
1160,8
1161,9
1162,8
1163,9
1164,9
1165,8
1166,9
1167,9
1168,8
1169,8
1170,8
1171,8
1172,8
1173,9
1174,9
1175,8
1176,8
1177,8
1178,8
1179,8
1180,9
1181,8
1182,9
1183,9
1184,8
1185,9
1186,9
1187,9
1188,8
1189,8
1190,9
1191,8
1192,9
1193,8
1194,9
1195,8
1196,8
1197,9
1198,9
1199,9
1200,8
1201,9
1202,8
1203,8
1204,9
1205,9
1206,8
1207,8
1208,8
1209,9
1210,8
1211,8
1212,8
1213,8
1214,8
1215,9
1216,8
1217,8
1218,8
1219,9
1220,8
1221,9
1222,8
1223,8
1224,8
1225,8
1226,8
1227,8
1228,8
1229,8
1230,8
1231,9
1232,9
1233,8
1234,8
1235,9
1236,8
1237,8
1238,8
1239,9
1240,8
1241,8
1242,8
1243,8
1244,8
1245,8
1246,8
1247,9
1248,9
1249,7
1250,8
1251,9
1252,9
1253,8
1254,8
1255,9
1256,8
1257,9
1258,8
1259,8
1260,8
1261,8
1262,8
1263,8
1264,9
1265,8
1266,9
1267,8
1268,8
1269,8
1270,9
1271,9
1272,8
1273,8
1274,8
1275,8
1276,8
1277,6
1278,8
1279,9
1280,8
1281,8
1282,8
1283,9
1284,9
1285,9
1286,9
1287,8
1288,8
1289,8
1290,8
1291,8
1292,9
1293,8
1294,9
1295,8
1296,9
1297,8
1298,9
1299,8
1300,8
1301,9
1302,9
1303,9
1304,8
1305,8
1306,8
1307,8
1308,8
1309,8
1310,8
1311,8
1312,9
1313,9
1314,9
1315,9
1316,8
1317,9
1318,9
1319,8
1320,9
1321,8
1322,8
1323,9
1324,8
1325,8
1326,8
1327,9
1328,8
1329,8
1330,9
1331,8
1332,8
1333,8
1334,9
1335,8
1336,9
1337,8
1338,8
1339,8
1340,8
1341,8
1342,8
1343,9
1344,8
1345,9
1346,9
1347,8
1348,9
1349,8
1350,9
1351,8
1352,8
1353,8
1354,8
1355,8
1356,9
1357,8
1358,8
1359,9
1360,8
1361,8
1362,9
1363,8
1364,9
1365,8
1366,9
1367,8
1368,8
1369,8
1370,8
1371,8
1372,9
1373,8
1374,8
1375,8
1376,8
1377,8
1378,9
1379,8
1380,8
1381,8
1382,8
1383,8
1384,8
1385,8
1386,9
1387,9
1388,9
1389,8
1390,8
1391,8
1392,9
1393,9
1394,8
1395,9
1396,9
1397,8
1398,8
1399,8
1400,8
1401,8
1402,8
1403,8
1404,8
1405,9
1406,8
1407,9
1408,8
1409,9
1410,9
1411,8
1412,8
1413,9
1414,8
1415,9
1416,9
1417,9
1418,8
1419,8
1420,8
1421,9
1422,8
1423,9
1424,8
1425,8
1426,8
1427,8
1428,8
1429,8
1430,9
1431,8
1432,8
1433,8
1434,9
1435,8
1436,8
1437,8
1438,9
1439,8
1440,9
1441,8
1442,8
1443,8
1444,8
1445,8
1446,8
1447,8
1448,8
1449,9
1450,8
1451,9
1452,9
1453,9
1454,8
1455,8
1456,8
1457,8
1458,8
1459,8
1460,8
1461,8
1462,8
1463,9
1464,8
1465,8
1466,8
1467,8
1468,8
1469,8
1470,8
1471,8
1472,8
1473,9
1474,8
1475,8
1476,8
1477,9
1478,8
1479,9
1480,8
1481,8
1482,8
1483,9
1484,8
1485,8
1486,8
1487,8
1488,9
1489,8
1490,8
1491,9
1492,8
1493,8
1494,9
1495,8
1496,8
1497,8
1498,8
1499,8
1500,8
1501,8
1502,8
1503,9
1504,9
1505,8
1506,9
1507,8
1508,8
1509,8
1510,8
1511,8
1512,8
1513,8
1514,9
1515,8
1516,8
1517,9
1518,8
1519,9
1520,8
1521,9
1522,9
1523,8
1524,9
1525,8
1526,8
1527,9
1528,8
1529,9
1530,8
1531,8
1532,8
1533,9
1534,9
1535,9
1536,9
1537,8
1538,9
1539,8
1540,9
1541,9
1542,8
1543,8
1544,9
1545,8
1546,8
1547,9
1548,8
1549,9
1550,8
1551,9
1552,9
1553,9
1554,8
1555,8
1556,8
1557,8
1558,8
1559,8
1560,9
1561,8
1562,9
1563,9
1564,8
1565,8
1566,9
1567,8
1568,8
1569,9
1570,8
1571,9
1572,8
1573,9
1574,8
1575,8
1576,8
1577,8
1578,8
1579,8
1580,8
1581,8
1582,8
1583,9
1584,9
1585,8
1586,8
1587,8
1588,8
1589,8
1590,8
1591,8
1592,9
1593,8
1594,9
1595,9
1596,8
1597,8
1598,8
1599,8
1600,8
1601,9
1602,8
1603,8
1604,8
1605,9
1606,8
1607,8
1608,8
1609,8
1610,8
1611,8
1612,8
1613,8
1614,8
1615,9
1616,8
1617,8
1618,9
1619,9
1620,9
1621,8
1622,8
1623,9
1624,8
1625,9
1626,8
1627,8
1628,9
1629,9
1630,8
1631,2
1632,9
1633,8
1634,9
1635,8
1636,8
1637,8
1638,9
1639,9
1640,8
1641,8
1642,8
1643,8
1644,8
1645,8
1646,9
1647,8
1648,9
1649,8
1650,9
1651,9
1652,8
1653,8
1654,8
1655,9
1656,8
1657,7
1658,8
1659,8
1660,8
1661,9
1662,8
1663,8
1664,8
1665,8
1666,8
1667,8
1668,9
1669,8
1670,8
1671,8
1672,8
1673,8
1674,9
1675,8
1676,8
1677,8
1678,9
1679,9
1680,9
1681,8
1682,9
1683,8
1684,8
1685,8
1686,8
1687,8
1688,8
1689,8
1690,9
1691,8
1692,8
1693,8
1694,8
1695,9
1696,8
1697,9
1698,8
1699,8
1700,8
1701,8
1702,8
1703,8
1704,8
1705,8
1706,9
1707,8
1708,8
1709,8
1710,9
1711,8
1712,8
1713,9
1714,8
1715,8
1716,8
1717,9
1718,9
1719,9
1720,8
1721,9
1722,8
1723,9
1724,8
1725,9
1726,9
1727,8
1728,8
1729,9
1730,9
1731,9
1732,8
1733,8
1734,9
1735,9
1736,8
1737,9
1738,8
1739,9
1740,9
1741,8
1742,8
1743,8
1744,9
1745,8
1746,9
1747,8
1748,9
1749,9
1750,8
1751,8
1752,8
1753,8
1754,9
1755,8
1756,8
1757,9
1758,8
1759,9
1760,8
1761,8
1762,9
1763,8
1764,8
1765,8
1766,8
1767,9
1768,9
1769,8
1770,8
1771,8
1772,8
1773,8
1774,8
1775,8
1776,8
1777,8
1778,8
1779,8
1780,9
1781,9
1782,8
1783,9
1784,9
1785,8
1786,9
1787,9
1788,8
1789,8
1790,8
1791,9
1792,8
1793,8
1794,8
1795,8
1796,8
1797,9
1798,8
1799,8
1800,8
1801,9
1802,9
1803,9
1804,8
1805,8
1806,8
1807,9
1808,9
1809,9
1810,9
1811,9
1812,9
1813,9
1814,9
1815,8
1816,8
1817,9
1818,9
1819,8
1820,8
1821,8
1822,8
1823,9
1824,9
1825,9
1826,9
1827,8
1828,8
1829,9
1830,9
1831,8
1832,8
1833,9
1834,9
1835,8
1836,8
1837,9
1838,8
1839,7
1840,9
1841,9
1842,9
1843,9
1844,8
1845,8
1846,8
1847,9
1848,8
1849,8
1850,9
1851,8
1852,8
1853,9
1854,9
1855,8
1856,8
1857,8
1858,8
1859,8
1860,8
1861,9
1862,8
1863,8
1864,9
1865,8
1866,9
1867,8
1868,9
1869,8
1870,9
1871,9
1872,9
1873,8
1874,8
1875,9
1876,9
1877,8
1878,9
1879,8
1880,8
1881,9
1882,8
1883,8
1884,8
1885,8
1886,8
1887,9
1888,9
1889,9
1890,9
1891,8
1892,8
1893,8
1894,9
1895,8
1896,8
1897,9
1898,9
1899,8
1900,8
1901,8
1902,8
1903,9
1904,9
1905,9
1906,8
1907,8
1908,8
1909,9
1910,8
1911,8
1912,8
1913,8
1914,8
1915,9
1916,9
1917,8
1918,8
1919,9
1920,9
1921,9
1922,8
1923,9
1924,9
1925,8
1926,8
1927,9
1928,9
1929,8
1930,8
1931,8
1932,8
1933,8
1934,9
1935,8
1936,9
1937,9
1938,9
1939,8
1940,8
1941,8
1942,8
1943,9
1944,8
1945,9
1946,9
1947,9
1948,9
1949,9
1950,8
1951,8
1952,8
1953,9
1954,9
1955,8
1956,9
1957,9
1958,9
1959,8
1960,8
1961,8
1962,9
1963,9
1964,8
1965,9
1966,8
1967,8
1968,8
1969,9
1970,8
1971,8
1972,9
1973,9
1974,8
1975,8
1976,9
1977,8
1978,8
1979,8
1980,9
1981,8
1982,9
1983,8
1984,9
1985,9
1986,8
1987,9
1988,8
1989,9
1990,9
1991,9
1992,9
1993,8
1994,8
1995,8
1996,9
1997,8
1998,9
1999,8
2000,8
2001,9
2002,8
2003,8
2004,9
2005,9
2006,9
2007,9
2008,9
2009,8
2010,8
2011,8
2012,8
2013,8
2014,8
2015,9
2016,9
2017,8
2018,8
2019,8
2020,8
2021,9
2022,8
2023,9
2024,8
2025,9
2026,8
2027,9
2028,8
2029,8
2030,9
2031,9
2032,8
2033,8
2034,8
2035,8
2036,8
2037,8
2038,8
2039,9
2040,9
2041,8
2042,8
2043,9
2044,8
2045,8
2046,9
2047,9
2048,8
2049,8
2050,8
2051,8
2052,8
2053,9
2054,8
2055,8
2056,9
2057,8
2058,8
2059,8
2060,9
2061,8
2062,8
2063,8
2064,9
2065,9
2066,8
2067,9
2068,9
2069,9
2070,9
2071,8
2072,8
2073,8
2074,9
2075,8
2076,8
2077,8
2078,8
2079,8
2080,8
2081,9
2082,8
2083,8
2084,8
2085,8
2086,8
2087,8
2088,8
2089,8
2090,8
2091,9
2092,8
2093,8
2094,8
2095,8
2096,8
2097,8
2098,9
2099,9
2100,9
2101,9
2102,8
2103,8
2104,9
2105,8
2106,9
2107,8
2108,8
2109,8
2110,9
2111,8
2112,8
2113,9
2114,8
2115,8
2116,8
2117,9
2118,8
2119,8
2120,8
2121,8
2122,8
2123,8
2124,8
2125,8
2126,9
2127,8
2128,8
2129,8
2130,8
2131,8
2132,8
2133,9
2134,8
2135,8
2136,8
2137,8
2138,8
2139,8
2140,9
2141,8
2142,8
2143,8
2144,8
2145,8
2146,9
2147,9
2148,8
2149,9
2150,8
2151,8
2152,8
2153,9
2154,8
2155,9
2156,8
2157,9
2158,8
2159,8
2160,9
2161,8
2162,9
2163,9
2164,8
2165,8
2166,8
2167,8
2168,9
2169,8
2170,8
2171,9
2172,8
2173,8
2174,9
2175,8
2176,8
2177,8
2178,9
2179,9
2180,8
2181,9
2182,9
2183,8
2184,8
2185,8
2186,8
2187,9
2188,8
2189,8
2190,8
2191,8
2192,9
2193,9
2194,8
2195,9
2196,9
2197,9
2198,8
2199,9
2200,8
2201,8
2202,8
2203,8
2204,8
2205,9
2206,9
2207,8
2208,8
2209,8
2210,8
2211,8
2212,8
2213,8
2214,9
2215,8
2216,8
2217,8
2218,8
2219,8
2220,8
2221,8
2222,8
2223,8
2224,9
2225,8
2226,9
2227,8
2228,8
2229,8
2230,8
2231,8
2232,9
2233,9
2234,8
2235,8
2236,9
2237,9
2238,8
2239,8
2240,9
2241,8
2242,8
2243,8
2244,9
2245,8
2246,9
2247,9
2248,8
2249,9
2250,9
2251,8
2252,8
2253,8
2254,8
2255,8
2256,9
2257,8
2258,8
2259,8
2260,8
2261,8
2262,9
2263,8
2264,8
2265,8
2266,8
2267,9
2268,8
2269,8
2270,8
2271,9
2272,8
2273,8
2274,8
2275,8
2276,8
2277,8
2278,9
2279,9
2280,8
2281,8
2282,8
2283,8
2284,8
2285,8
2286,8
2287,9
2288,8
2289,9
2290,8
2291,8
2292,9
2293,9
2294,9
2295,9
2296,8
2297,9
2298,8
2299,8
2300,8
2301,8
2302,9
2303,8
2304,9
2305,8
2306,8
2307,8
2308,8
2309,9
2310,8
2311,8
2312,8
2313,9
2314,9
2315,9
2316,8
2317,9
2318,8
2319,9
2320,8
2321,9
2322,9
2323,8
2324,8
2325,8
2326,9
2327,9
2328,8
2329,8
2330,9
2331,8
2332,8
2333,8
2334,9
2335,8
2336,9
2337,8
2338,9
2339,8
2340,8
2341,8
2342,8
2343,8
2344,8
2345,9
2346,8
2347,8
2348,9
2349,8
2350,8
2351,9
2352,9
2353,8
2354,8
2355,8
2356,8
2357,9
2358,8
2359,8
2360,9
2361,8
2362,9
2363,9
2364,9
2365,9
2366,9
2367,9
2368,8
2369,9
2370,9
2371,8
2372,8
2373,8
2374,8
2375,8
2376,9
2377,9
2378,8
2379,8
2380,9
2381,8
2382,9
2383,8
2384,7
2385,8
2386,8
2387,8
2388,8
2389,9
2390,9
2391,8
2392,9
2393,8
2394,8
2395,8
2396,8
2397,9
2398,8
2399,9
2400,9
2401,8
2402,9
2403,8
2404,8
2405,8
2406,9
2407,8
2408,9
2409,9
2410,9
2411,8
2412,8
2413,8
2414,8
2415,8
2416,9
2417,9
2418,8
2419,8
2420,9
2421,8
2422,8
2423,8
2424,8
2425,9
2426,8
2427,8
2428,8
2429,9
2430,9
2431,9
2432,8
2433,8
2434,9
2435,8
2436,8
2437,9
2438,8
2439,8
2440,8
2441,8
2442,8
2443,9
2444,9
2445,9
2446,8
2447,8
2448,9
2449,9
2450,8
2451,9
2452,8
2453,9
2454,8
2455,9
2456,8
2457,8
2458,8
2459,9
2460,9
2461,9
2462,9
2463,8
2464,8
2465,8
2466,9
2467,9
2468,8
2469,8
2470,8
2471,9
2472,9
2473,8
2474,8
2475,8
2476,8
2477,8
2478,8
2479,9
2480,7
2481,9
2482,8
2483,9
2484,8
2485,8
2486,9
2487,8
2488,9
2489,8
2490,8
2491,8
2492,8
2493,8
2494,8
2495,8
2496,8
2497,8
2498,9
2499,9
2500,8
2501,8
2502,8
2503,9
2504,8
2505,9
2506,8
2507,9
2508,9
2509,8
2510,8
2511,9
2512,8
2513,8
2514,8
2515,8
2516,8
2517,8
2518,8
2519,9
2520,8
2521,9
2522,9
2523,8
2524,8
2525,8
2526,8
2527,9
2528,8
2529,9
2530,8
2531,8
2532,8
2533,8
2534,8
2535,8
2536,8
2537,9
2538,8
2539,9
2540,8
2541,9
2542,8
2543,8
2544,8
2545,8
2546,9
2547,8
2548,8
2549,9
2550,8
2551,9
2552,8
2553,8
2554,8
2555,8
2556,8
2557,8
2558,9
2559,8
2560,8
2561,8
2562,9
2563,9
2564,9
2565,8
2566,8
2567,9
2568,8
2569,8
2570,8
2571,8
2572,8
2573,9
2574,8
2575,9
2576,8
2577,9
2578,9
2579,9
2580,8
2581,8
2582,9
2583,8
2584,9
2585,8
2586,8
2587,8
2588,8
2589,9
2590,9
2591,8
2592,9
2593,9
2594,8
2595,8
2596,8
2597,9
2598,8
2599,8
2600,9
2601,9
2602,8
2603,8
2604,9
2605,8
2606,8
2607,8
2608,8
2609,8
2610,8
2611,9
2612,8
2613,9
2614,8
2615,8
2616,8
2617,8
2618,8
2619,8
2620,8
2621,8
2622,8
2623,8
2624,9
2625,8
2626,9
2627,9
2628,8
2629,8
2630,8
2631,9
2632,9
2633,8
2634,9
2635,9
2636,8
2637,8
2638,8
2639,9
2640,9
2641,9
2642,8
2643,8
2644,8
2645,8
2646,8
2647,8
2648,8
2649,8
2650,8
2651,9
2652,9
2653,9
2654,9
2655,8
2656,9
2657,9
2658,9
2659,9
2660,8
2661,8
2662,9
2663,8
2664,8
2665,8
2666,9
2667,8
2668,9
2669,8
2670,9
2671,8
2672,9
2673,8
2674,8
2675,9
2676,9
2677,9
2678,8
2679,9
2680,9
2681,9
2682,8
2683,9
2684,8
2685,9
2686,9
2687,9
2688,9
2689,9
2690,9
2691,8
2692,8
2693,8
2694,8
2695,8
2696,8
2697,9
2698,8
2699,8
2700,8
2701,8
2702,8
2703,8
2704,8
2705,8
2706,9
2707,8
2708,8
2709,9
2710,9
2711,8
2712,9
2713,9
2714,8
2715,8
2716,8
2717,8
2718,9
2719,8
2720,8
2721,8
2722,9
2723,8
2724,8
2725,8
2726,8
2727,8
2728,8
2729,8
2730,9
2731,8
2732,8
2733,8
2734,9
2735,9
2736,8
2737,8
2738,8
2739,9
2740,8
2741,8
2742,9
2743,9
2744,8
2745,8
2746,9
2747,8
2748,8
2749,8
2750,8
2751,8
2752,8
2753,8
2754,9
2755,9
2756,9
2757,9
2758,8
2759,8
2760,8
2761,8
2762,8
2763,8
2764,8
2765,8
2766,8
2767,9
2768,9
2769,9
2770,9
2771,9
2772,9
2773,8
2774,8
2775,8
2776,9
2777,8
2778,8
2779,8
2780,9
2781,9
2782,8
2783,8
2784,9
2785,8
2786,8
2787,8
2788,9
2789,8
2790,9
2791,8
2792,9
2793,9
2794,9
2795,8
2796,9
2797,8
2798,9
2799,9
2800,9
2801,8
2802,8
2803,8
2804,8
2805,9
2806,8
2807,8
2808,8
2809,8
2810,9
2811,8
2812,8
2813,9
2814,8
2815,9
2816,8
2817,8
2818,9
2819,9
2820,9
2821,7
2822,9
2823,8
2824,9
2825,9
2826,8
2827,8
2828,8
2829,8
2830,9
2831,8
2832,8
2833,9
2834,8
2835,9
2836,8
2837,9
2838,8
2839,8
2840,8
2841,8
2842,8
2843,8
2844,9
2845,8
2846,8
2847,8
2848,8
2849,8
2850,9
2851,9
2852,8
2853,9
2854,9
2855,8
2856,8
2857,9
2858,9
2859,8
2860,9
2861,9
2862,8
2863,8
2864,8
2865,8
2866,8
2867,8
2868,8
2869,8
2870,8
2871,9
2872,8
2873,8
2874,8
2875,9
2876,9
2877,8
2878,8
2879,9
2880,8
2881,9
2882,9
2883,8
2884,8
2885,8
2886,9
2887,8
2888,9
2889,8
2890,8
2891,9
2892,8
2893,9
2894,9
2895,9
2896,9
2897,8
2898,9
2899,8
2900,8
2901,8
2902,9
2903,8
2904,9
2905,9
2906,9
2907,9
2908,9
2909,8
2910,8
2911,9
2912,8
2913,8
2914,9
2915,8
2916,8
2917,8
2918,8
2919,9
2920,8
2921,9
2922,8
2923,8
2924,8
2925,8
2926,8
2927,9
2928,8
2929,9
2930,8
2931,9
2932,8
2933,8
2934,9
2935,8
2936,8
2937,8
2938,8
2939,8
2940,8
2941,9
2942,9
2943,8
2944,8
2945,8
2946,8
2947,8
2948,8
2949,8
2950,8
2951,8
2952,9
2953,8
2954,8
2955,9
2956,8
2957,8
2958,8
2959,9
2960,8
2961,8
2962,9
2963,9
2964,8
2965,9
2966,8
2967,8
2968,8
2969,8
2970,8
2971,9
2972,9
2973,8
2974,8
2975,8
2976,9
2977,9
2978,9
2979,9
2980,9
2981,9
2982,9
2983,9
2984,9
2985,9
2986,8
2987,8
2988,8
2989,8
2990,8
2991,8
2992,8
2993,9
2994,9
2995,8
2996,9
2997,9
2998,9
2999,9
3000,8
3001,8
3002,9
3003,8
3004,9
3005,8
3006,8
3007,8
3008,9
3009,9
3010,8
3011,8
3012,8
3013,9
3014,9
3015,8
3016,8
3017,8
3018,8
3019,9
3020,8
3021,8
3022,8
3023,9
3024,8
3025,9
3026,8
3027,9
3028,9
3029,9
3030,8
3031,8
3032,9
3033,9
3034,8
3035,9
3036,8
3037,8
3038,9
3039,9
3040,9
3041,9
3042,8
3043,8
3044,9
3045,9
3046,9
3047,9
3048,8
3049,8
3050,9
3051,9
3052,8
3053,8
3054,9
3055,8
3056,8
3057,8
3058,8
3059,8
3060,8
3061,8
3062,8
3063,9
3064,8
3065,8
3066,8
3067,8
3068,9
3069,8
3070,8
3071,9
3072,9
3073,9
3074,9
3075,8
3076,8
3077,8
3078,8
3079,8
3080,8
3081,8
3082,9
3083,8
3084,9
3085,8
3086,8
3087,8
3088,9
3089,9
3090,9
3091,8
3092,8
3093,9
3094,9
3095,9
3096,9
3097,9
3098,8
3099,9
3100,9
3101,8
3102,8
3103,9
3104,8
3105,8
3106,8
3107,9
3108,8
3109,8
3110,8
3111,8
3112,8
3113,8
3114,9
3115,9
3116,8
3117,9
3118,9
3119,8
3120,9
3121,8
3122,9
3123,8
3124,8
3125,9
3126,9
3127,8
3128,8
3129,8
3130,8
3131,9
3132,8
3133,8
3134,8
3135,9
3136,8
3137,8
3138,8
3139,8
3140,8
3141,8
3142,8
3143,8
3144,8
3145,8
3146,8
3147,8
3148,8
3149,8
3150,8
3151,8
3152,9
3153,8
3154,8
3155,9
3156,8
3157,8
3158,9
3159,8
3160,8
3161,8
3162,8
3163,8
3164,8
3165,8
3166,9
3167,9
3168,8
3169,9
3170,8
3171,8
3172,8
3173,8
3174,8
3175,9
3176,8
3177,8
3178,9
3179,8
3180,8
3181,8
3182,8
3183,9
3184,9
3185,8
3186,8
3187,8
3188,8
3189,8
3190,8
3191,8
3192,8
3193,9
3194,8
3195,8
3196,8
3197,8
3198,9
3199,9
3200,9
3201,9
3202,8
3203,9
3204,8
3205,8
3206,9
3207,8
3208,8
3209,8
3210,9
3211,8
3212,8
3213,8
3214,9
3215,8
3216,9
3217,9
3218,8
3219,8
3220,8
3221,8
3222,8
3223,9
3224,8
3225,9
3226,8
3227,8
3228,9
3229,8
3230,8
3231,8
3232,8
3233,8
3234,9
3235,9
3236,8
3237,8
3238,8
3239,8
3240,8
3241,8
3242,8
3243,7
3244,8
3245,8
3246,9
3247,9
3248,8
3249,8
3250,8
3251,8
3252,9
3253,8
3254,9
3255,9
3256,8
3257,8
3258,9
3259,9
3260,8
3261,9
3262,9
3263,8
3264,8
3265,8
3266,8
3267,9
3268,8
3269,8
3270,8
3271,8
3272,8
3273,9
3274,8
3275,8
3276,8
3277,8
3278,9
3279,8
3280,8
3281,8
3282,8
3283,8
3284,8
3285,9
3286,8
3287,8
3288,9
3289,9
3290,8
3291,8
3292,8
3293,8
3294,8
3295,9
3296,8
3297,9
3298,8
3299,8
3300,9
3301,8
3302,8
3303,8
3304,9
3305,8
3306,8
3307,8
3308,9
3309,9
3310,8
3311,8
3312,8
3313,8
3314,8
3315,8
3316,8
3317,9
3318,8
3319,8
3320,9
3321,9
3322,8
3323,8
3324,8
3325,8
3326,8
3327,8
3328,9
3329,9
3330,9
3331,8
3332,8
3333,9
3334,9
3335,8
3336,8
3337,8
3338,9
3339,9
3340,8
3341,8
3342,8
3343,9
3344,8
3345,8
3346,9
3347,9
3348,9
3349,7
3350,8
3351,8
3352,9
3353,8
3354,8
3355,8
3356,9
3357,9
3358,8
3359,8
3360,9
3361,8
3362,8
3363,8
3364,9
3365,8
3366,8
3367,8
3368,9
3369,8
3370,8
3371,8
3372,9
3373,8
3374,8
3375,9
3376,8
3377,8
3378,8
3379,9
3380,8
3381,8
3382,9
3383,8
3384,8
3385,9
3386,8
3387,8
3388,9
3389,9
3390,8
3391,8
3392,8
3393,9
3394,8
3395,8
3396,8
3397,9
3398,8
3399,9
3400,8
3401,9
3402,8
3403,8
3404,9
3405,8
3406,8
3407,9
3408,9
3409,9
3410,8
3411,8
3412,8
3413,8
3414,8
3415,9
3416,8
3417,8
3418,9
3419,9
3420,8
3421,8
3422,8
3423,8
3424,8
3425,8
3426,8
3427,9
3428,8
3429,9
3430,8
3431,9
3432,8
3433,9
3434,8
3435,8
3436,8
3437,9
3438,8
3439,8
3440,8
3441,8
3442,8
3443,8
3444,9
3445,8
3446,8
3447,9
3448,9
3449,8
3450,8
3451,9
3452,9
3453,9
3454,9
3455,8
3456,8
3457,9
3458,8
3459,8
3460,9
3461,8
3462,8
3463,9
3464,9
3465,8
3466,9
3467,9
3468,9
3469,9
3470,8
3471,9
3472,8
3473,8
3474,8
3475,8
3476,8
3477,8
3478,8
3479,9
3480,8
3481,8
3482,9
3483,8
3484,8
3485,9
3486,8
3487,8
3488,9
3489,9
3490,8
3491,8
3492,9
3493,9
3494,8
3495,8
3496,8
3497,9
3498,8
3499,9
3500,8
3501,9
3502,8
3503,9
3504,9
3505,9
3506,8
3507,8
3508,9
3509,8
3510,9
3511,9
3512,9
3513,8
3514,8
3515,9
3516,8
3517,9
3518,8
3519,8
3520,8
3521,8
3522,9
3523,8
3524,8
3525,8
3526,9
3527,8
3528,7
3529,9
3530,9
3531,8
3532,8
3533,9
3534,8
3535,8
3536,9
3537,8
3538,9
3539,8
3540,8
3541,8
3542,8
3543,8
3544,8
3545,8
3546,8
3547,9
3548,8
3549,9
3550,8
3551,8
3552,8
3553,8
3554,9
3555,9
3556,9
3557,9
3558,8
3559,9
3560,8
3561,9
3562,8
3563,8
3564,9
3565,8
3566,9
3567,8
3568,8
3569,8
3570,8
3571,9
3572,8
3573,9
3574,9
3575,8
3576,8
3577,8
3578,8
3579,8
3580,8
3581,9
3582,8
3583,8
3584,9
3585,9
3586,9
3587,9
3588,8
3589,8
3590,9
3591,9
3592,9
3593,9
3594,9
3595,8
3596,8
3597,8
3598,8
3599,9
3600,8
3601,8
3602,8
3603,9
3604,9
3605,8
3606,8
3607,8
3608,8
3609,9
3610,9
3611,8
3612,9
3613,8
3614,9
3615,8
3616,8
3617,8
3618,8
3619,9
3620,9
3621,9
3622,8
3623,8
3624,8
3625,9
3626,8
3627,9
3628,9
3629,9
3630,9
3631,9
3632,8
3633,8
3634,8
3635,9
3636,9
3637,9
